File,LOC,SLOC-P,SLOC-L,MVG,BLOC,C&SLOC,CLOC,CWORD,HCLOC,HCWORD
E:\GAM200.git\DCEngine\Components\ComponentsInclude.h,2,1,0,0,1,0,0,0,0,0
E:\GAM200.git\DCEngine\Core\Main.cpp,32,11,8,0,9,0,12,24,10,21
E:\GAM200.git\DCEngine\Core\Config.h,16,8,4,0,8,0,0,0,0,0
E:\GAM200.git\DCEngine\Core\Debug\Debug.cpp,51,16,11,1,11,1,24,45,10,15
E:\GAM200.git\DCEngine\Core\Debug\Debug.h,79,23,11,1,19,1,37,110,10,15
E:\GAM200.git\DCEngine\Core\Engine\Engine.cpp,306,106,73,13,50,7,150,702,14,23
E:\GAM200.git\DCEngine\Core\Engine\Action.h,27,9,4,0,7,0,11,19,11,19
E:\GAM200.git\DCEngine\Core\Engine\ActionList.h,30,10,4,0,9,0,11,19,11,19
E:\GAM200.git\DCEngine\Core\Engine\Archetype.h,27,8,3,0,7,0,12,46,12,46
E:\GAM200.git\DCEngine\Core\Engine\Engine.h,116,58,37,3,23,14,35,209,10,15
E:\GAM200.git\DCEngine\Core\Events\Event.h,30,9,4,0,7,0,14,75,14,75
E:\GAM200.git\DCEngine\Core\Events\EventsInclude.h,14,3,0,0,5,0,6,6,0,0
E:\GAM200.git\DCEngine\Core\Events\KeyboardEvent.h,31,11,5,0,9,0,11,21,10,19
E:\GAM200.git\DCEngine\Core\Events\UpdateEvent.h,27,11,6,0,6,0,10,24,10,24
E:\GAM200.git\DCEngine\Core\Objects\Component.cpp,11,5,2,0,6,0,0,0,0,0
E:\GAM200.git\DCEngine\Core\Objects\Entity.cpp,85,24,14,3,17,0,44,151,10,17
E:\GAM200.git\DCEngine\Core\Objects\Component.h,77,37,19,0,22,6,18,103,10,18
E:\GAM200.git\DCEngine\Core\Objects\Entity.h,66,33,24,0,18,6,15,85,10,20
E:\GAM200.git\DCEngine\Core\Objects\Object.h,35,16,8,0,9,0,10,31,9,26
E:\GAM200.git\DCEngine\Core\Objects\Resource.h,33,10,5,0,8,0,15,72,15,72
E:\GAM200.git\DCEngine\Core\Objects\Components\Camera.cpp,21,15,11,1,4,0,2,12,0,0
E:\GAM200.git\DCEngine\Core\Objects\Components\Camera.h,55,27,19,0,12,1,16,53,11,21
E:\GAM200.git\DCEngine\Core\Objects\Components\ComponentsInclude.h,4,3,0,0,1,0,0,0,0,0
E:\GAM200.git\DCEngine\Core\Objects\Components\Transform.h,16,9,4,0,7,0,0,0,0,0
E:\GAM200.git\DCEngine\Core\Objects\Entities\GameSession.cpp,142,44,29,6,25,0,73,385,0,0
E:\GAM200.git\DCEngine\Core\Objects\Entities\Space.cpp,170,65,39,14,32,1,73,260,0,0
E:\GAM200.git\DCEngine\Core\Objects\Entities\GameSession.h,53,27,15,0,14,4,12,49,10,28
E:\GAM200.git\DCEngine\Core\Objects\Entities\Space.h,68,37,24,0,17,1,14,76,11,54
E:\GAM200.git\DCEngine\Core\Objects\Resources\GLShader.cpp,154,83,65,2,18,4,53,225,10,33
E:\GAM200.git\DCEngine\Core\Objects\Resources\Level.cpp,28,8,4,0,8,0,12,35,0,0
E:\GAM200.git\DCEngine\Core\Objects\Resources\GLShader.h,59,28,15,1,17,3,14,56,10,33
E:\GAM200.git\DCEngine\Core\Objects\Resources\Level.h,35,15,9,0,9,1,11,40,11,33
E:\GAM200.git\DCEngine\Core\Objects\Resources\Mesh.h,33,14,7,0,9,0,10,26,9,25
E:\GAM200.git\DCEngine\Core\Objects\Resources\Texture.h,23,6,3,0,6,0,11,22,11,22
E:\GAM200.git\DCEngine\Core\Systems\System.cpp,17,4,2,0,3,0,10,19,10,19
E:\GAM200.git\DCEngine\Core\Systems\System.h,74,37,21,0,19,1,18,36,10,19
E:\GAM200.git\DCEngine\Core\Systems\SystemsInclude.h,13,4,0,0,3,0,6,6,0,0
E:\GAM200.git\DCEngine\Core\Systems\Gamestate\Gamestate.cpp,56,20,9,4,9,1,27,43,10,15
E:\GAM200.git\DCEngine\Core\Systems\Gamestate\Gamestate.h,111,57,34,7,30,9,24,199,10,16
E:\GAM200.git\DCEngine\Core\Systems\Graphics\GraphicsGL.cpp,82,19,10,0,22,0,41,85,10,16
E:\GAM200.git\DCEngine\Core\Systems\Graphics\GraphicsGL.h,39,17,8,0,12,3,10,19,10,16
E:\GAM200.git\DCEngine\Core\Systems\Input\Input.cpp,67,46,19,0,19,1,2,5,0,0
E:\GAM200.git\DCEngine\Core\Systems\Input\InputGLFW.cpp,52,19,9,0,11,0,22,43,0,0
E:\GAM200.git\DCEngine\Core\Systems\Input\InputSFML.cpp,89,31,15,2,21,0,37,93,0,0
E:\GAM200.git\DCEngine\Core\Systems\Input\Input.h,47,14,8,0,14,0,19,36,10,22
E:\GAM200.git\DCEngine\Core\Systems\Input\InputGLFW.h,60,32,16,4,14,3,14,42,10,20
E:\GAM200.git\DCEngine\Core\Systems\Input\InputSFML.h,51,21,14,0,13,0,17,47,10,20
E:\GAM200.git\DCEngine\Core\Systems\Window\Window.cpp,91,47,25,5,21,0,23,56,14,25
E:\GAM200.git\DCEngine\Core\Systems\Window\WindowGLFW.cpp,175,59,40,3,30,4,86,452,8,14
E:\GAM200.git\DCEngine\Core\Systems\Window\WindowSFML.cpp,135,52,36,3,27,0,56,234,0,0
E:\GAM200.git\DCEngine\Core\Systems\Window\Window.h,68,41,20,0,14,3,13,38,10,22
E:\GAM200.git\DCEngine\Core\Systems\Window\WindowGLFW.h,68,32,21,1,21,2,15,28,12,23
E:\GAM200.git\DCEngine\Core\Systems\Window\WindowSFML.h,68,35,25,0,15,3,18,71,12,23
E:\GAM200.git\DCEngine\Dependencies\include\GLEW\glew.h,19368,15125,5613,0,3563,582,680,4292,76,660
E:\GAM200.git\DCEngine\Dependencies\include\GLEW\glxew.h,1772,1148,391,0,476,77,148,1098,76,660
E:\GAM200.git\DCEngine\Dependencies\include\GLEW\wglew.h,1453,959,313,0,381,61,113,828,53,465
E:\GAM200.git\DCEngine\Dependencies\include\GLFW\glfw3.h,3341,448,120,0,161,18,2732,15920,27,181
E:\GAM200.git\DCEngine\Dependencies\include\GLFW\glfw3native (1).h,357,63,17,0,30,1,264,1285,27,181
E:\GAM200.git\DCEngine\Dependencies\include\GLFW\x64\glfw3.h,3341,448,120,0,161,18,2732,15920,27,181
E:\GAM200.git\DCEngine\Dependencies\include\GLFW\x64\glfw3native.h,357,63,17,0,30,1,264,1285,27,181
E:\GAM200.git\DCEngine\Dependencies\include\GLFW\x86\glfw3.h,3341,448,120,0,161,18,2732,15920,27,181
E:\GAM200.git\DCEngine\Dependencies\include\GLFW\x86\glfw3native.h,357,63,17,0,30,1,264,1285,27,181
E:\GAM200.git\DCEngine\Dependencies\include\GLM\common.hpp,35,4,0,0,4,1,27,212,27,211
E:\GAM200.git\DCEngine\Dependencies\include\GLM\exponential.hpp,35,4,0,0,4,1,27,212,27,211
E:\GAM200.git\DCEngine\Dependencies\include\GLM\ext.hpp,139,76,0,0,7,2,56,398,56,396
E:\GAM200.git\DCEngine\Dependencies\include\GLM\fwd.hpp,2599,795,721,0,641,6,1163,6386,27,211
E:\GAM200.git\DCEngine\Dependencies\include\GLM\geometric.hpp,35,4,0,0,4,1,27,212,27,211
E:\GAM200.git\DCEngine\Dependencies\include\GLM\glm.hpp,118,34,0,0,8,2,76,551,76,549
E:\GAM200.git\DCEngine\Dependencies\include\GLM\integer.hpp,35,4,0,0,4,1,27,212,27,211
E:\GAM200.git\DCEngine\Dependencies\include\GLM\mat2x2.hpp,81,13,7,0,11,2,57,460,27,211
E:\GAM200.git\DCEngine\Dependencies\include\GLM\mat2x3.hpp,60,10,4,0,8,2,42,337,27,211
E:\GAM200.git\DCEngine\Dependencies\include\GLM\mat2x4.hpp,60,10,4,0,8,2,42,337,27,211
E:\GAM200.git\DCEngine\Dependencies\include\GLM\mat3x2.hpp,60,10,4,0,8,2,42,336,27,211
E:\GAM200.git\DCEngine\Dependencies\include\GLM\mat3x3.hpp,81,13,7,0,11,2,57,460,27,211
E:\GAM200.git\DCEngine\Dependencies\include\GLM\mat3x4.hpp,60,10,4,0,8,2,42,337,27,211
E:\GAM200.git\DCEngine\Dependencies\include\GLM\mat4x2.hpp,60,10,4,0,8,2,42,337,27,211
E:\GAM200.git\DCEngine\Dependencies\include\GLM\mat4x3.hpp,60,10,4,0,8,2,42,337,27,211
E:\GAM200.git\DCEngine\Dependencies\include\GLM\mat4x4.hpp,81,13,7,0,11,2,57,460,27,211
E:\GAM200.git\DCEngine\Dependencies\include\GLM\matrix.hpp,35,4,0,0,4,1,27,212,27,211
E:\GAM200.git\DCEngine\Dependencies\include\GLM\packing.hpp,35,4,0,0,4,1,27,212,27,211
E:\GAM200.git\DCEngine\Dependencies\include\GLM\trigonometric.hpp,35,4,0,0,4,1,27,212,27,211
E:\GAM200.git\DCEngine\Dependencies\include\GLM\vec2.hpp,35,4,0,0,4,1,27,212,27,211
E:\GAM200.git\DCEngine\Dependencies\include\GLM\vec3.hpp,35,4,0,0,4,1,27,212,27,211
E:\GAM200.git\DCEngine\Dependencies\include\GLM\vec4.hpp,35,4,0,0,4,1,27,212,27,211
E:\GAM200.git\DCEngine\Dependencies\include\GLM\vector_relational.hpp,35,4,0,0,4,1,27,212,27,211
E:\GAM200.git\DCEngine\Dependencies\include\GLM\detail\dummy.cpp,191,102,52,2,10,28,79,405,30,233
E:\GAM200.git\DCEngine\Dependencies\include\GLM\detail\glm.cpp,289,164,158,0,46,2,79,408,27,211
E:\GAM200.git\DCEngine\Dependencies\include\GLM\detail\func_common.hpp,473,120,38,0,44,2,309,2207,34,242
E:\GAM200.git\DCEngine\Dependencies\include\GLM\detail\func_exponential.hpp,133,26,8,0,15,2,92,732,34,242
E:\GAM200.git\DCEngine\Dependencies\include\GLM\detail\func_geometric.hpp,152,44,10,0,16,2,92,606,34,241
E:\GAM200.git\DCEngine\Dependencies\include\GLM\detail\func_integer.hpp,204,49,11,0,18,2,137,1088,36,266
E:\GAM200.git\DCEngine\Dependencies\include\GLM\detail\func_matrix.hpp,180,81,34,0,22,3,77,512,38,284
E:\GAM200.git\DCEngine\Dependencies\include\GLM\detail\func_noise.hpp,93,19,5,0,11,2,63,431,36,265
E:\GAM200.git\DCEngine\Dependencies\include\GLM\detail\func_packing.hpp,196,21,13,0,19,2,156,1483,34,251
E:\GAM200.git\DCEngine\Dependencies\include\GLM\detail\func_trigonometric.hpp,204,37,16,0,23,2,144,1004,38,291
E:\GAM200.git\DCEngine\Dependencies\include\GLM\detail\func_vector_relational.hpp,146,25,8,0,18,3,103,710,39,287
E:\GAM200.git\DCEngine\Dependencies\include\GLM\detail\hint.hpp,41,9,7,0,4,2,28,222,27,211
E:\GAM200.git\DCEngine\Dependencies\include\GLM\detail\intrinsic_common.hpp,90,31,19,0,26,4,33,233,27,211
E:\GAM200.git\DCEngine\Dependencies\include\GLM\detail\intrinsic_exponential.hpp,80,13,2,0,6,4,61,369,27,211
E:\GAM200.git\DCEngine\Dependencies\include\GLM\detail\intrinsic_geometric.hpp,77,24,11,0,17,4,36,226,27,211
E:\GAM200.git\DCEngine\Dependencies\include\GLM\detail\intrinsic_integer.hpp,51,16,4,0,8,4,27,217,27,211
E:\GAM200.git\DCEngine\Dependencies\include\GLM\detail\intrinsic_matrix.hpp,70,25,12,0,18,4,27,217,27,211
E:\GAM200.git\DCEngine\Dependencies\include\GLM\detail\intrinsic_trigonometric.hpp,49,14,2,0,8,4,27,217,27,211
E:\GAM200.git\DCEngine\Dependencies\include\GLM\detail\intrinsic_vector_relational.hpp,49,14,2,0,8,4,27,217,27,211
E:\GAM200.git\DCEngine\Dependencies\include\GLM\detail\precision.hpp,44,13,3,0,4,2,27,214,27,211
E:\GAM200.git\DCEngine\Dependencies\include\GLM\detail\setup.hpp,779,603,12,0,80,34,96,434,27,211
E:\GAM200.git\DCEngine\Dependencies\include\GLM\detail\type_float.hpp,96,34,18,0,15,4,47,330,27,211
E:\GAM200.git\DCEngine\Dependencies\include\GLM\detail\type_gentype.hpp,224,53,29,1,23,3,148,597,27,211
E:\GAM200.git\DCEngine\Dependencies\include\GLM\detail\type_half.hpp,52,13,5,0,10,3,29,223,27,211
E:\GAM200.git\DCEngine\Dependencies\include\GLM\detail\type_int.hpp,192,100,65,0,27,8,65,455,27,211
E:\GAM200.git\DCEngine\Dependencies\include\GLM\detail\type_mat.hpp,796,165,150,0,147,6,484,3454,27,211
E:\GAM200.git\DCEngine\Dependencies\include\GLM\detail\type_mat2x2.hpp,250,168,70,0,40,3,42,243,27,211
E:\GAM200.git\DCEngine\Dependencies\include\GLM\detail\type_mat2x3.hpp,212,139,60,0,34,3,39,237,27,211
E:\GAM200.git\DCEngine\Dependencies\include\GLM\detail\type_mat2x4.hpp,214,141,60,0,34,3,39,237,27,211
E:\GAM200.git\DCEngine\Dependencies\include\GLM\detail\type_mat3x2.hpp,217,146,60,0,33,3,38,236,27,211
E:\GAM200.git\DCEngine\Dependencies\include\GLM\detail\type_mat3x3.hpp,254,175,70,0,40,3,39,240,27,211
E:\GAM200.git\DCEngine\Dependencies\include\GLM\detail\type_mat3x4.hpp,217,146,60,0,33,3,38,236,27,211
E:\GAM200.git\DCEngine\Dependencies\include\GLM\detail\type_mat4x2.hpp,223,151,60,0,34,3,38,236,27,211
E:\GAM200.git\DCEngine\Dependencies\include\GLM\detail\type_mat4x3.hpp,223,151,60,0,34,4,38,237,27,211
E:\GAM200.git\DCEngine\Dependencies\include\GLM\detail\type_mat4x4.hpp,261,181,70,0,41,4,39,241,27,211
E:\GAM200.git\DCEngine\Dependencies\include\GLM\detail\type_vec.hpp,517,136,108,0,80,13,301,2100,27,211
E:\GAM200.git\DCEngine\Dependencies\include\GLM\detail\type_vec1.hpp,278,164,83,0,63,5,51,308,27,211
E:\GAM200.git\DCEngine\Dependencies\include\GLM\detail\type_vec2.hpp,316,194,95,0,66,6,56,319,27,211
E:\GAM200.git\DCEngine\Dependencies\include\GLM\detail\type_vec3.hpp,334,209,102,0,68,7,57,335,27,211
E:\GAM200.git\DCEngine\Dependencies\include\GLM\detail\type_vec4.hpp,377,243,117,0,74,7,60,377,27,211
E:\GAM200.git\DCEngine\Dependencies\include\GLM\detail\_features.hpp,428,114,0,0,102,2,212,719,27,211
E:\GAM200.git\DCEngine\Dependencies\include\GLM\detail\_fixes.hpp,56,16,0,0,8,0,32,239,27,211
E:\GAM200.git\DCEngine\Dependencies\include\GLM\detail\_literals.hpp,52,9,1,0,5,3,38,240,27,211
E:\GAM200.git\DCEngine\Dependencies\include\GLM\detail\_noise.hpp,131,68,26,12,15,3,48,304,27,211
E:\GAM200.git\DCEngine\Dependencies\include\GLM\detail\_swizzle.hpp,841,714,586,22,44,3,83,523,27,211
E:\GAM200.git\DCEngine\Dependencies\include\GLM\detail\_swizzle_func.hpp,725,650,6,6,42,1,33,239,27,211
E:\GAM200.git\DCEngine\Dependencies\include\GLM\detail\_vectorize.hpp,218,171,21,13,20,3,27,216,27,211
E:\GAM200.git\DCEngine\Dependencies\include\GLM\detail\func_common.inl,1037,838,226,81,130,4,69,361,27,211
E:\GAM200.git\DCEngine\Dependencies\include\GLM\detail\func_exponential.inl,248,181,77,20,33,6,34,257,27,211
E:\GAM200.git\DCEngine\Dependencies\include\GLM\detail\func_geometric.inl,340,245,92,28,42,3,53,294,27,211
E:\GAM200.git\DCEngine\Dependencies\include\GLM\detail\func_integer.inl,655,521,138,49,57,5,77,391,27,211
E:\GAM200.git\DCEngine\Dependencies\include\GLM\detail\func_matrix.inl,461,394,273,29,40,2,27,215,27,211
E:\GAM200.git\DCEngine\Dependencies\include\GLM\detail\func_noise.inl,385,251,138,17,60,16,74,600,27,211
E:\GAM200.git\DCEngine\Dependencies\include\GLM\detail\func_packing.inl,121,75,38,12,17,5,29,229,27,211
E:\GAM200.git\DCEngine\Dependencies\include\GLM\detail\func_trigonometric.inl,247,158,48,19,48,1,41,227,27,211
E:\GAM200.git\DCEngine\Dependencies\include\GLM\detail\func_vector_relational.inl,160,114,47,18,19,1,27,213,27,211
E:\GAM200.git\DCEngine\Dependencies\include\GLM\detail\intrinsic_common.inl,314,211,174,15,36,5,67,348,27,211
E:\GAM200.git\DCEngine\Dependencies\include\GLM\detail\intrinsic_geometric.inl,147,90,66,12,16,2,41,245,27,211
E:\GAM200.git\DCEngine\Dependencies\include\GLM\detail\intrinsic_integer.inl,140,65,58,2,21,2,54,423,27,211
E:\GAM200.git\DCEngine\Dependencies\include\GLM\detail\intrinsic_matrix.inl,1071,564,500,5,172,4,335,2335,27,211
E:\GAM200.git\DCEngine\Dependencies\include\GLM\detail\type_gentype.inl,367,278,103,45,54,4,35,228,27,211
E:\GAM200.git\DCEngine\Dependencies\include\GLM\detail\type_half.inl,274,121,71,23,42,7,111,586,31,238
E:\GAM200.git\DCEngine\Dependencies\include\GLM\detail\type_mat2x2.inl,655,545,164,39,67,2,43,256,27,211
E:\GAM200.git\DCEngine\Dependencies\include\GLM\detail\type_mat2x3.inl,589,489,164,31,58,2,42,238,27,211
E:\GAM200.git\DCEngine\Dependencies\include\GLM\detail\type_mat2x4.inl,608,508,178,31,58,2,42,238,27,211
E:\GAM200.git\DCEngine\Dependencies\include\GLM\detail\type_mat3x2.inl,622,521,186,31,59,2,42,239,27,211
E:\GAM200.git\DCEngine\Dependencies\include\GLM\detail\type_mat3x3.inl,785,657,244,40,74,2,54,311,27,211
E:\GAM200.git\DCEngine\Dependencies\include\GLM\detail\type_mat3x4.inl,654,556,211,31,57,2,41,236,27,211
E:\GAM200.git\DCEngine\Dependencies\include\GLM\detail\type_mat4x2.inl,673,573,220,31,58,2,42,237,27,211
E:\GAM200.git\DCEngine\Dependencies\include\GLM\detail\type_mat4x3.inl,705,601,237,33,62,2,42,238,27,211
E:\GAM200.git\DCEngine\Dependencies\include\GLM\detail\type_mat4x4.inl,903,746,305,41,87,2,70,395,27,211
E:\GAM200.git\DCEngine\Dependencies\include\GLM\detail\type_vec1.inl,812,675,171,65,86,2,51,259,27,211
E:\GAM200.git\DCEngine\Dependencies\include\GLM\detail\type_vec2.inl,832,693,192,63,86,2,53,263,27,211
E:\GAM200.git\DCEngine\Dependencies\include\GLM\detail\type_vec3.inl,882,742,217,63,87,2,53,263,27,211
E:\GAM200.git\DCEngine\Dependencies\include\GLM\detail\type_vec4.inl,993,850,244,63,90,2,53,263,27,211
E:\GAM200.git\DCEngine\Dependencies\include\GLM\gtc\constants.hpp,186,61,26,0,33,2,92,457,37,251
E:\GAM200.git\DCEngine\Dependencies\include\GLM\gtc\epsilon.hpp,102,32,5,0,12,2,58,355,38,254
E:\GAM200.git\DCEngine\Dependencies\include\GLM\gtc\matrix_access.hpp,88,29,5,0,12,2,47,302,35,247
E:\GAM200.git\DCEngine\Dependencies\include\GLM\gtc\matrix_integer.hpp,515,170,145,0,114,6,231,1099,35,244
E:\GAM200.git\DCEngine\Dependencies\include\GLM\gtc\matrix_inverse.hpp,75,16,3,0,10,2,49,334,35,241
E:\GAM200.git\DCEngine\Dependencies\include\GLM\gtc\matrix_transform.hpp,307,94,16,0,23,2,190,1418,44,308
E:\GAM200.git\DCEngine\Dependencies\include\GLM\gtc\noise.hpp,82,22,4,0,11,2,49,300,39,269
E:\GAM200.git\DCEngine\Dependencies\include\GLM\gtc\packing.hpp,479,41,31,0,39,2,399,3248,37,252
E:\GAM200.git\DCEngine\Dependencies\include\GLM\gtc\quaternion.hpp,405,183,60,0,54,3,168,965,38,255
E:\GAM200.git\DCEngine\Dependencies\include\GLM\gtc\random.hpp,115,32,7,0,14,2,69,432,38,253
E:\GAM200.git\DCEngine\Dependencies\include\GLM\gtc\reciprocal.hpp,134,35,13,0,20,2,79,375,36,244
E:\GAM200.git\DCEngine\Dependencies\include\GLM\gtc\type_precision.hpp,875,207,185,0,227,2,441,2303,41,273
E:\GAM200.git\DCEngine\Dependencies\include\GLM\gtc\type_ptr.hpp,180,59,18,0,26,2,95,528,57,342
E:\GAM200.git\DCEngine\Dependencies\include\GLM\gtc\ulp.hpp,93,25,7,0,15,2,53,356,37,263
E:\GAM200.git\DCEngine\Dependencies\include\GLM\gtc\constants.inl,183,129,51,25,27,1,27,213,27,211
E:\GAM200.git\DCEngine\Dependencies\include\GLM\gtc\epsilon.inl,151,111,23,10,12,1,28,214,28,212
E:\GAM200.git\DCEngine\Dependencies\include\GLM\gtc\matrix_access.inl,89,53,19,6,9,1,27,213,27,211
E:\GAM200.git\DCEngine\Dependencies\include\GLM\gtc\matrix_inverse.inl,164,119,73,5,18,1,27,213,27,211
E:\GAM200.git\DCEngine\Dependencies\include\GLM\gtc\matrix_transform.inl,443,369,190,19,45,3,29,236,27,211
E:\GAM200.git\DCEngine\Dependencies\include\GLM\gtc\noise.inl,839,586,527,10,94,35,159,1136,32,233
E:\GAM200.git\DCEngine\Dependencies\include\GLM\gtc\packing.inl,497,349,191,58,62,25,86,614,27,211
E:\GAM200.git\DCEngine\Dependencies\include\GLM\gtc\quaternion.inl,926,691,256,75,85,5,150,742,27,211
E:\GAM200.git\DCEngine\Dependencies\include\GLM\gtc\random.inl,172,115,47,11,24,2,33,232,27,211
E:\GAM200.git\DCEngine\Dependencies\include\GLM\gtc\reciprocal.inl,203,126,38,12,38,1,39,225,27,211
E:\GAM200.git\DCEngine\Dependencies\include\GLM\gtc\type_precision.inl,33,3,1,0,3,0,27,211,27,211
E:\GAM200.git\DCEngine\Dependencies\include\GLM\gtc\type_ptr.inl,476,315,111,42,47,1,114,759,27,211
E:\GAM200.git\DCEngine\Dependencies\include\GLM\gtc\ulp.inl,339,273,145,60,31,40,35,383,34,254
E:\GAM200.git\DCEngine\Dependencies\include\GLM\gtx\associated_min_max.hpp,107,41,7,0,14,2,52,318,36,253
E:\GAM200.git\DCEngine\Dependencies\include\GLM\gtx\bit.hpp,235,57,28,0,35,2,143,1136,37,250
E:\GAM200.git\DCEngine\Dependencies\include\GLM\gtx\closest_point.hpp,67,16,2,0,9,2,42,281,36,252
E:\GAM200.git\DCEngine\Dependencies\include\GLM\gtx\color_space.hpp,97,31,7,0,14,2,52,336,36,246
E:\GAM200.git\DCEngine\Dependencies\include\GLM\gtx\color_space_YCoCg.hpp,85,23,5,0,12,2,50,341,36,244
E:\GAM200.git\DCEngine\Dependencies\include\GLM\gtx\compatibility.hpp,161,96,77,0,24,79,41,1539,37,253
E:\GAM200.git\DCEngine\Dependencies\include\GLM\gtx\component_wise.hpp,83,23,5,0,12,2,48,297,36,244
E:\GAM200.git\DCEngine\Dependencies\include\GLM\gtx\constants.hpp,34,7,0,0,5,1,22,196,22,195
E:\GAM200.git\DCEngine\Dependencies\include\GLM\gtx\dual_quaternion.hpp,296,131,57,0,51,3,114,540,39,260
E:\GAM200.git\DCEngine\Dependencies\include\GLM\gtx\epsilon.hpp,30,4,0,0,3,0,23,196,22,195
E:\GAM200.git\DCEngine\Dependencies\include\GLM\gtx\euler_angles.hpp,156,62,16,0,23,2,71,542,37,247
E:\GAM200.git\DCEngine\Dependencies\include\GLM\gtx\extend.hpp,67,16,2,0,9,2,42,278,36,251
E:\GAM200.git\DCEngine\Dependencies\include\GLM\gtx\extented_min_max.hpp,162,77,13,0,20,2,65,405,37,250
E:\GAM200.git\DCEngine\Dependencies\include\GLM\gtx\fast_exponential.hpp,99,29,8,0,15,2,55,353,37,251
E:\GAM200.git\DCEngine\Dependencies\include\GLM\gtx\fast_square_root.hpp,91,23,7,0,14,2,54,354,38,259
E:\GAM200.git\DCEngine\Dependencies\include\GLM\gtx\fast_trigonometry.hpp,101,25,8,0,15,2,61,397,36,246
E:\GAM200.git\DCEngine\Dependencies\include\GLM\gtx\gradient_paint.hpp,77,23,3,0,10,2,44,287,36,252
E:\GAM200.git\DCEngine\Dependencies\include\GLM\gtx\handed_coordinate_space.hpp,75,21,3,0,10,2,44,291,36,254
E:\GAM200.git\DCEngine\Dependencies\include\GLM\gtx\inertia.hpp,117,11,1,0,7,2,99,483,37,245
E:\GAM200.git\DCEngine\Dependencies\include\GLM\gtx\integer.hpp,105,24,12,0,19,2,62,422,36,245
E:\GAM200.git\DCEngine\Dependencies\include\GLM\gtx\intersect.hpp,112,43,7,0,14,2,55,359,37,245
E:\GAM200.git\DCEngine\Dependencies\include\GLM\gtx\int_10_10_10_2.hpp,45,13,2,0,8,2,24,204,22,195
E:\GAM200.git\DCEngine\Dependencies\include\GLM\gtx\io.hpp,227,139,83,0,42,8,46,297,41,267
E:\GAM200.git\DCEngine\Dependencies\include\GLM\gtx\log_base.hpp,66,15,2,0,9,2,42,269,36,250
E:\GAM200.git\DCEngine\Dependencies\include\GLM\gtx\matrix_cross_product.hpp,72,17,3,0,10,2,45,277,37,246
E:\GAM200.git\DCEngine\Dependencies\include\GLM\gtx\matrix_interpolation.hpp,89,28,5,0,12,2,49,324,36,246
E:\GAM200.git\DCEngine\Dependencies\include\GLM\gtx\matrix_major_storage.hpp,144,59,13,0,20,2,65,418,37,251
E:\GAM200.git\DCEngine\Dependencies\include\GLM\gtx\matrix_operation.hpp,113,38,10,0,17,2,58,335,36,243
E:\GAM200.git\DCEngine\Dependencies\include\GLM\gtx\matrix_query.hpp,102,29,9,0,16,2,57,360,37,247
E:\GAM200.git\DCEngine\Dependencies\include\GLM\gtx\matrix_transform_2d.hpp,106,32,6,0,14,2,60,423,36,246
E:\GAM200.git\DCEngine\Dependencies\include\GLM\gtx\mixed_product.hpp,66,16,2,0,9,2,41,264,36,243
E:\GAM200.git\DCEngine\Dependencies\include\GLM\gtx\multiple.hpp,84,19,3,0,10,2,55,332,37,253
E:\GAM200.git\DCEngine\Dependencies\include\GLM\gtx\noise.hpp,30,4,0,0,3,0,23,196,22,195
E:\GAM200.git\DCEngine\Dependencies\include\GLM\gtx\norm.hpp,128,49,11,0,18,2,61,387,37,248
E:\GAM200.git\DCEngine\Dependencies\include\GLM\gtx\normal.hpp,68,16,2,0,9,2,43,270,37,248
E:\GAM200.git\DCEngine\Dependencies\include\GLM\gtx\normalize_dot.hpp,77,20,3,0,10,2,47,310,37,256
E:\GAM200.git\DCEngine\Dependencies\include\GLM\gtx\number_precision.hpp,86,24,12,0,14,13,48,359,38,249
E:\GAM200.git\DCEngine\Dependencies\include\GLM\gtx\optimum_pow.hpp,95,26,9,0,15,3,54,361,36,243
E:\GAM200.git\DCEngine\Dependencies\include\GLM\gtx\orthonormalize.hpp,73,18,3,0,10,2,45,275,37,244
E:\GAM200.git\DCEngine\Dependencies\include\GLM\gtx\perpendicular.hpp,68,16,2,0,9,2,43,272,37,249
E:\GAM200.git\DCEngine\Dependencies\include\GLM\gtx\polar_coordinates.hpp,73,17,3,0,10,2,46,290,36,247
E:\GAM200.git\DCEngine\Dependencies\include\GLM\gtx\projection.hpp,66,15,2,0,9,2,42,265,36,245
E:\GAM200.git\DCEngine\Dependencies\include\GLM\gtx\quaternion.hpp,214,83,19,0,27,2,104,537,37,247
E:\GAM200.git\DCEngine\Dependencies\include\GLM\gtx\random.hpp,30,4,0,0,3,0,23,196,22,195
E:\GAM200.git\DCEngine\Dependencies\include\GLM\gtx\raw_data.hpp,76,16,5,0,12,2,48,292,36,245
E:\GAM200.git\DCEngine\Dependencies\include\GLM\gtx\reciprocal.hpp,27,3,0,0,2,0,22,195,22,195
E:\GAM200.git\DCEngine\Dependencies\include\GLM\gtx\rotate_normalized_axis.hpp,93,23,3,0,10,2,60,421,38,251
E:\GAM200.git\DCEngine\Dependencies\include\GLM\gtx\rotate_vector.hpp,133,54,11,0,18,2,61,395,37,248
E:\GAM200.git\DCEngine\Dependencies\include\GLM\gtx\scalar_relational.hpp,61,11,1,0,10,2,40,262,36,251
E:\GAM200.git\DCEngine\Dependencies\include\GLM\gtx\simd_mat4.hpp,206,96,59,0,36,4,74,434,36,243
E:\GAM200.git\DCEngine\Dependencies\include\GLM\gtx\simd_quat.hpp,342,142,55,0,63,5,137,917,36,243
E:\GAM200.git\DCEngine\Dependencies\include\GLM\gtx\simd_vec4.hpp,575,216,93,0,83,6,276,1744,36,243
E:\GAM200.git\DCEngine\Dependencies\include\GLM\gtx\spline.hpp,91,33,4,0,12,2,46,288,36,240
E:\GAM200.git\DCEngine\Dependencies\include\GLM\gtx\std_based_type.hpp,84,18,7,0,14,2,52,326,36,249
E:\GAM200.git\DCEngine\Dependencies\include\GLM\gtx\string_cast.hpp,75,19,2,0,10,2,46,288,40,264
E:\GAM200.git\DCEngine\Dependencies\include\GLM\gtx\transform.hpp,85,22,4,0,11,2,52,364,39,251
E:\GAM200.git\DCEngine\Dependencies\include\GLM\gtx\transform2.hpp,136,52,10,0,19,2,65,454,37,246
E:\GAM200.git\DCEngine\Dependencies\include\GLM\gtx\ulp.hpp,30,4,0,0,3,0,23,196,22,195
E:\GAM200.git\DCEngine\Dependencies\include\GLM\gtx\unsigned_int.hpp,27,3,0,0,2,0,22,195,22,195
E:\GAM200.git\DCEngine\Dependencies\include\GLM\gtx\vec1.hpp,167,60,29,0,25,6,82,567,35,244
E:\GAM200.git\DCEngine\Dependencies\include\GLM\gtx\vector_angle.hpp,89,27,4,0,11,2,51,322,38,250
E:\GAM200.git\DCEngine\Dependencies\include\GLM\gtx\vector_query.hpp,91,25,7,0,14,2,52,324,36,243
E:\GAM200.git\DCEngine\Dependencies\include\GLM\gtx\wrap.hpp,74,17,4,0,11,2,46,284,36,243
E:\GAM200.git\DCEngine\Dependencies\include\GLM\gtx\associated_min_max.inl,913,798,307,102,63,1,52,260,8,30
E:\GAM200.git\DCEngine\Dependencies\include\GLM\gtx\bit.inl,783,600,337,55,130,4,53,267,8,30
E:\GAM200.git\DCEngine\Dependencies\include\GLM\gtx\closest_point.inl,37,22,9,3,6,2,9,45,8,30
E:\GAM200.git\DCEngine\Dependencies\include\GLM\gtx\color_space.inl,150,119,78,17,17,1,14,65,8,30
E:\GAM200.git\DCEngine\Dependencies\include\GLM\gtx\color_space_YCoCg.inl,65,52,26,4,5,7,8,40,8,30
E:\GAM200.git\DCEngine\Dependencies\include\GLM\gtx\compatibility.inl,59,44,12,7,6,1,9,33,8,30
E:\GAM200.git\DCEngine\Dependencies\include\GLM\gtx\component_wise.inl,48,35,17,8,5,1,8,32,8,30
E:\GAM200.git\DCEngine\Dependencies\include\GLM\gtx\dual_quaternion.inl,422,337,119,25,44,2,41,248,27,212
E:\GAM200.git\DCEngine\Dependencies\include\GLM\gtx\euler_angles.inl,265,232,110,15,25,1,8,32,8,30
E:\GAM200.git\DCEngine\Dependencies\include\GLM\gtx\extend.inl,56,43,9,4,5,1,8,32,8,30
E:\GAM200.git\DCEngine\Dependencies\include\GLM\gtx\extented_min_max.inl,147,125,25,12,14,1,8,32,8,30
E:\GAM200.git\DCEngine\Dependencies\include\GLM\gtx\fast_exponential.inl,149,75,25,10,17,1,57,414,8,30
E:\GAM200.git\DCEngine\Dependencies\include\GLM\gtx\fast_square_root.inl,181,148,44,18,20,3,13,55,8,30
E:\GAM200.git\DCEngine\Dependencies\include\GLM\gtx\fast_trigonometry.inl,76,46,16,7,16,3,14,65,8,30
E:\GAM200.git\DCEngine\Dependencies\include\GLM\gtx\gradient_paint.inl,44,32,13,2,4,1,8,32,8,30
E:\GAM200.git\DCEngine\Dependencies\include\GLM\gtx\handed_coordinate_space.inl,34,23,5,2,3,1,8,32,8,30
E:\GAM200.git\DCEngine\Dependencies\include\GLM\gtx\inertia.inl,117,3,1,0,2,1,112,384,8,30
E:\GAM200.git\DCEngine\Dependencies\include\GLM\gtx\integer.inl,203,142,79,22,29,15,32,218,8,30
E:\GAM200.git\DCEngine\Dependencies\include\GLM\gtx\intersect.inl,218,145,74,31,29,1,44,156,8,30
E:\GAM200.git\DCEngine\Dependencies\include\GLM\gtx\int_10_10_10_2.inl,34,10,3,1,2,1,22,197,22,195
E:\GAM200.git\DCEngine\Dependencies\include\GLM\gtx\io.inl,599,491,204,60,100,13,8,58,8,35
E:\GAM200.git\DCEngine\Dependencies\include\GLM\gtx\log_base.inl,25,13,4,1,4,1,8,32,8,30
E:\GAM200.git\DCEngine\Dependencies\include\GLM\gtx\matrix_cross_product.inl,45,33,19,2,4,1,8,32,8,30
E:\GAM200.git\DCEngine\Dependencies\include\GLM\gtx\matrix_interpolation.inl,141,126,71,10,7,1,8,32,8,30
E:\GAM200.git\DCEngine\Dependencies\include\GLM\gtx\matrix_major_storage.inl,174,153,89,12,13,1,8,32,8,30
E:\GAM200.git\DCEngine\Dependencies\include\GLM\gtx\matrix_operation.inl,125,107,51,9,10,1,8,32,8,30
E:\GAM200.git\DCEngine\Dependencies\include\GLM\gtx\matrix_query.inl,124,103,51,29,10,1,11,37,11,35
E:\GAM200.git\DCEngine\Dependencies\include\GLM\gtx\matrix_transform_2d.inl,98,60,29,5,11,1,27,213,27,211
E:\GAM200.git\DCEngine\Dependencies\include\GLM\gtx\mixed_product.inl,23,13,3,1,2,1,8,32,8,30
E:\GAM200.git\DCEngine\Dependencies\include\GLM\gtx\multiple.inl,153,125,42,20,13,2,15,43,11,35
E:\GAM200.git\DCEngine\Dependencies\include\GLM\gtx\norm.inl,148,124,29,14,16,1,8,32,8,30
E:\GAM200.git\DCEngine\Dependencies\include\GLM\gtx\normal.inl,23,13,3,1,2,1,8,32,8,30
E:\GAM200.git\DCEngine\Dependencies\include\GLM\gtx\normalize_dot.inl,116,99,17,8,9,1,8,32,8,30
E:\GAM200.git\DCEngine\Dependencies\include\GLM\gtx\number_precision.inl,14,3,1,0,3,0,8,30,8,30
E:\GAM200.git\DCEngine\Dependencies\include\GLM\gtx\optimum_pow.inl,62,46,15,7,8,1,8,32,8,30
E:\GAM200.git\DCEngine\Dependencies\include\GLM\gtx\orthonormalize.inl,44,29,14,2,7,1,8,32,8,30
E:\GAM200.git\DCEngine\Dependencies\include\GLM\gtx\perpendicular.inl,22,12,3,1,2,1,8,32,8,30
E:\GAM200.git\DCEngine\Dependencies\include\GLM\gtx\polar_coordinates.inl,58,44,13,3,6,7,8,40,8,30
E:\GAM200.git\DCEngine\Dependencies\include\GLM\gtx\projection.inl,22,12,3,1,2,1,8,32,8,30
E:\GAM200.git\DCEngine\Dependencies\include\GLM\gtx\quaternion.inl,263,211,76,32,28,4,24,138,8,30
E:\GAM200.git\DCEngine\Dependencies\include\GLM\gtx\rotate_normalized_axis.inl,95,56,30,2,11,1,28,228,27,211
E:\GAM200.git\DCEngine\Dependencies\include\GLM\gtx\rotate_vector.inl,224,181,74,12,23,1,20,83,8,30
E:\GAM200.git\DCEngine\Dependencies\include\GLM\gtx\scalar_relational.inl,96,78,19,9,10,1,8,32,8,30
E:\GAM200.git\DCEngine\Dependencies\include\GLM\gtx\simd_mat4.inl,580,496,187,39,66,2,18,48,8,30
E:\GAM200.git\DCEngine\Dependencies\include\GLM\gtx\simd_quat.inl,630,455,220,48,131,2,44,207,8,30
E:\GAM200.git\DCEngine\Dependencies\include\GLM\gtx\simd_vec4.inl,728,542,223,71,112,4,74,191,8,30
E:\GAM200.git\DCEngine\Dependencies\include\GLM\gtx\spline.inl,71,52,21,3,11,1,8,32,8,30
E:\GAM200.git\DCEngine\Dependencies\include\GLM\gtx\std_based_type.inl,14,3,1,0,3,0,8,30,8,30
E:\GAM200.git\DCEngine\Dependencies\include\GLM\gtx\string_cast.inl,445,368,88,40,53,4,24,56,8,28
E:\GAM200.git\DCEngine\Dependencies\include\GLM\gtx\transform.inl,38,25,7,3,5,1,8,32,8,30
E:\GAM200.git\DCEngine\Dependencies\include\GLM\gtx\transform2.inl,155,132,71,11,15,1,8,32,8,30
E:\GAM200.git\DCEngine\Dependencies\include\GLM\gtx\unsigned_int.inl,14,3,1,0,3,1,8,32,8,30
E:\GAM200.git\DCEngine\Dependencies\include\GLM\gtx\vector_angle.inl,100,77,26,10,14,1,9,40,8,30
E:\GAM200.git\DCEngine\Dependencies\include\GLM\gtx\vector_query.inl,203,166,53,15,26,2,11,39,11,35
E:\GAM200.git\DCEngine\Dependencies\include\GLM\gtx\wrap.inl,166,135,50,22,16,1,15,41,11,35
E:\GAM200.git\DCEngine\Dependencies\include\SFML\Audio.hpp,57,17,0,0,7,1,33,170,23,147
E:\GAM200.git\DCEngine\Dependencies\include\SFML\Config.hpp,194,72,11,0,59,3,63,337,23,147
E:\GAM200.git\DCEngine\Dependencies\include\SFML\Graphics.hpp,68,29,0,0,7,1,32,168,23,147
E:\GAM200.git\DCEngine\Dependencies\include\SFML\Main.hpp,44,7,0,0,9,1,28,175,23,147
E:\GAM200.git\DCEngine\Dependencies\include\SFML\Network.hpp,54,14,0,0,7,1,33,171,23,147
E:\GAM200.git\DCEngine\Dependencies\include\SFML\OpenGL.hpp,75,25,0,0,19,1,31,185,23,147
E:\GAM200.git\DCEngine\Dependencies\include\SFML\System.hpp,61,21,0,0,6,1,34,184,23,147
E:\GAM200.git\DCEngine\Dependencies\include\SFML\Window.hpp,57,16,0,0,8,1,33,172,23,147
E:\GAM200.git\DCEngine\Dependencies\include\SFML\Audio\AlResource.hpp,71,13,5,0,11,2,47,218,23,147
E:\GAM200.git\DCEngine\Dependencies\include\SFML\Audio\Export.hpp,49,9,0,0,11,1,29,159,23,147
E:\GAM200.git\DCEngine\Dependencies\include\SFML\Audio\InputSoundFile.hpp,251,37,25,0,27,8,187,939,23,147
E:\GAM200.git\DCEngine\Dependencies\include\SFML\Audio\Listener.hpp,235,23,14,0,21,2,191,998,23,147
E:\GAM200.git\DCEngine\Dependencies\include\SFML\Audio\Music.hpp,230,33,17,0,23,6,174,898,23,147
E:\GAM200.git\DCEngine\Dependencies\include\SFML\Audio\OutputSoundFile.hpp,134,21,10,0,18,3,95,425,23,147
E:\GAM200.git\DCEngine\Dependencies\include\SFML\Audio\Sound.hpp,265,33,21,0,29,3,203,956,23,147
E:\GAM200.git\DCEngine\Dependencies\include\SFML\Audio\SoundBuffer.hpp,353,44,30,0,33,7,276,1357,23,147
E:\GAM200.git\DCEngine\Dependencies\include\SFML\Audio\SoundBufferRecorder.hpp,139,22,9,0,16,4,101,483,23,147
E:\GAM200.git\DCEngine\Dependencies\include\SFML\Audio\SoundFileFactory.hpp,198,44,26,0,23,4,131,610,23,147
E:\GAM200.git\DCEngine\Dependencies\include\SFML\Audio\SoundFileReader.hpp,162,23,13,0,16,5,123,658,23,147
E:\GAM200.git\DCEngine\Dependencies\include\SFML\Audio\SoundFileWriter.hpp,126,15,6,0,13,2,98,478,23,147
E:\GAM200.git\DCEngine\Dependencies\include\SFML\Audio\SoundRecorder.hpp,365,41,26,0,30,8,294,1605,23,147
E:\GAM200.git\DCEngine\Dependencies\include\SFML\Audio\SoundSource.hpp,288,38,23,0,30,6,220,1068,23,147
E:\GAM200.git\DCEngine\Dependencies\include\SFML\Audio\SoundStream.hpp,387,57,39,0,34,16,296,1632,23,147
E:\GAM200.git\DCEngine\Dependencies\include\SFML\Audio\SoundFileFactory.inl,101,48,24,4,15,1,38,222,26,150
E:\GAM200.git\DCEngine\Dependencies\include\SFML\Graphics\BlendMode.hpp,215,45,22,0,19,24,151,1042,23,147
E:\GAM200.git\DCEngine\Dependencies\include\SFML\Graphics\CircleShape.hpp,155,21,11,0,18,4,116,522,23,147
E:\GAM200.git\DCEngine\Dependencies\include\SFML\Graphics\Color.hpp,276,36,28,0,24,15,216,1042,23,147
E:\GAM200.git\DCEngine\Dependencies\include\SFML\Graphics\ConvexShape.hpp,154,20,9,0,17,3,117,552,23,147
E:\GAM200.git\DCEngine\Dependencies\include\SFML\Graphics\Drawable.hpp,127,17,7,0,15,2,95,408,23,147
E:\GAM200.git\DCEngine\Dependencies\include\SFML\Graphics\Export.hpp,49,9,0,0,11,1,29,159,23,147
E:\GAM200.git\DCEngine\Dependencies\include\SFML\Graphics\Font.hpp,434,71,48,0,39,20,324,1811,23,147
E:\GAM200.git\DCEngine\Dependencies\include\SFML\Graphics\Glyph.hpp,80,16,7,0,12,5,52,270,23,147
E:\GAM200.git\DCEngine\Dependencies\include\SFML\Graphics\Image.hpp,328,38,23,0,29,5,261,1364,23,147
E:\GAM200.git\DCEngine\Dependencies\include\SFML\Graphics\PrimitiveType.hpp,54,16,3,0,6,9,32,266,23,147
E:\GAM200.git\DCEngine\Dependencies\include\SFML\Graphics\Rect.hpp,249,33,19,0,23,6,193,968,23,147
E:\GAM200.git\DCEngine\Dependencies\include\SFML\Graphics\RectangleShape.hpp,133,19,9,0,17,3,97,404,23,147
E:\GAM200.git\DCEngine\Dependencies\include\SFML\Graphics\RenderStates.hpp,175,27,16,0,19,7,129,687,23,147
E:\GAM200.git\DCEngine\Dependencies\include\SFML\Graphics\RenderTarget.hpp,452,61,41,0,40,11,351,1838,23,147
E:\GAM200.git\DCEngine\Dependencies\include\SFML\Graphics\RenderTexture.hpp,281,32,19,0,25,4,224,1103,23,147
E:\GAM200.git\DCEngine\Dependencies\include\SFML\Graphics\RenderWindow.hpp,268,26,12,0,21,2,221,1090,23,147
E:\GAM200.git\DCEngine\Dependencies\include\SFML\Graphics\Shader.hpp,660,60,40,0,42,8,558,3051,23,147
E:\GAM200.git\DCEngine\Dependencies\include\SFML\Graphics\Shape.hpp,356,49,34,0,36,11,271,1389,23,147
E:\GAM200.git\DCEngine\Dependencies\include\SFML\Graphics\Sprite.hpp,280,34,21,0,27,5,219,1137,23,147
E:\GAM200.git\DCEngine\Dependencies\include\SFML\Graphics\Text.hpp,373,53,30,0,30,15,290,1478,23,147
E:\GAM200.git\DCEngine\Dependencies\include\SFML\Graphics\Texture.hpp,619,59,44,0,40,12,520,2981,23,147
E:\GAM200.git\DCEngine\Dependencies\include\SFML\Graphics\Transform.hpp,451,38,25,0,33,4,380,1641,23,147
E:\GAM200.git\DCEngine\Dependencies\include\SFML\Graphics\Transformable.hpp,430,41,31,0,32,10,357,1811,23,147
E:\GAM200.git\DCEngine\Dependencies\include\SFML\Graphics\Vertex.hpp,149,21,11,0,16,5,112,578,23,147
E:\GAM200.git\DCEngine\Dependencies\include\SFML\Graphics\VertexArray.hpp,224,32,17,0,25,4,167,724,23,147
E:\GAM200.git\DCEngine\Dependencies\include\SFML\Graphics\View.hpp,344,43,31,0,32,10,269,1249,23,147
E:\GAM200.git\DCEngine\Dependencies\include\SFML\Graphics\Rect.inl,156,86,38,8,30,0,40,235,24,148
E:\GAM200.git\DCEngine\Dependencies\include\SFML\Network\Export.hpp,49,9,0,0,11,1,29,159,23,147
E:\GAM200.git\DCEngine\Dependencies\include\SFML\Network\Ftp.hpp,612,118,47,0,59,53,435,2353,23,147
E:\GAM200.git\DCEngine\Dependencies\include\SFML\Network\Http.hpp,483,101,50,0,49,45,333,1937,23,147
E:\GAM200.git\DCEngine\Dependencies\include\SFML\Network\IpAddress.hpp,317,37,24,0,30,6,250,1325,23,147
E:\GAM200.git\DCEngine\Dependencies\include\SFML\Network\Packet.hpp,413,71,58,0,31,6,311,1457,23,147
E:\GAM200.git\DCEngine\Dependencies\include\SFML\Network\Socket.hpp,220,47,22,0,27,13,146,776,23,147
E:\GAM200.git\DCEngine\Dependencies\include\SFML\Network\SocketHandle.hpp,58,15,3,0,13,2,30,165,23,147
E:\GAM200.git\DCEngine\Dependencies\include\SFML\Network\SocketSelector.hpp,264,25,15,0,23,3,216,1074,23,147
E:\GAM200.git\DCEngine\Dependencies\include\SFML\Network\TcpListener.hpp,163,18,9,0,17,2,128,608,23,147
E:\GAM200.git\DCEngine\Dependencies\include\SFML\Network\TcpSocket.hpp,316,37,25,0,27,6,252,1290,23,147
E:\GAM200.git\DCEngine\Dependencies\include\SFML\Network\UdpSocket.hpp,284,29,16,0,22,4,233,1312,23,147
E:\GAM200.git\DCEngine\Dependencies\include\SFML\System\Clock.hpp,118,17,7,0,15,3,86,385,23,147
E:\GAM200.git\DCEngine\Dependencies\include\SFML\System\Err.hpp,81,9,2,0,10,2,62,303,23,147
E:\GAM200.git\DCEngine\Dependencies\include\SFML\System\Export.hpp,49,9,0,0,11,1,29,159,23,147
E:\GAM200.git\DCEngine\Dependencies\include\SFML\System\FileInputStream.hpp,170,38,15,0,19,3,113,509,23,147
E:\GAM200.git\DCEngine\Dependencies\include\SFML\System\InputStream.hpp,153,17,8,0,15,2,121,508,23,147
E:\GAM200.git\DCEngine\Dependencies\include\SFML\System\Lock.hpp,140,17,7,0,15,3,108,501,23,147
E:\GAM200.git\DCEngine\Dependencies\include\SFML\System\MemoryInputStream.hpp,149,24,12,0,18,5,107,515,23,147
E:\GAM200.git\DCEngine\Dependencies\include\SFML\System\Mutex.hpp,149,22,10,0,17,3,110,578,23,147
E:\GAM200.git\DCEngine\Dependencies\include\SFML\System\NonCopyable.hpp,120,15,6,0,14,2,91,495,23,147
E:\GAM200.git\DCEngine\Dependencies\include\SFML\System\Sleep.hpp,53,9,2,0,8,2,36,201,23,147
E:\GAM200.git\DCEngine\Dependencies\include\SFML\System\String.hpp,669,71,55,0,62,6,536,2444,23,147
E:\GAM200.git\DCEngine\Dependencies\include\SFML\System\Thread.hpp,283,34,17,0,22,4,227,1098,23,147
E:\GAM200.git\DCEngine\Dependencies\include\SFML\System\ThreadLocal.hpp,104,23,10,0,17,3,64,278,23,147
E:\GAM200.git\DCEngine\Dependencies\include\SFML\System\ThreadLocalPtr.hpp,159,19,9,0,17,2,123,494,23,147
E:\GAM200.git\DCEngine\Dependencies\include\SFML\System\Time.hpp,489,50,40,0,47,4,392,1659,23,147
E:\GAM200.git\DCEngine\Dependencies\include\SFML\System\Utf.hpp,764,118,54,0,58,2,588,3822,23,147
E:\GAM200.git\DCEngine\Dependencies\include\SFML\System\Vector2.hpp,302,45,23,0,27,4,230,1021,23,147
E:\GAM200.git\DCEngine\Dependencies\include\SFML\System\Vector3.hpp,303,45,23,0,27,5,231,1034,23,147
E:\GAM200.git\DCEngine\Dependencies\include\SFML\System\String.inl,54,21,12,3,7,0,26,150,24,148
E:\GAM200.git\DCEngine\Dependencies\include\SFML\System\Thread.inl,91,49,25,0,12,1,30,183,23,147
E:\GAM200.git\DCEngine\Dependencies\include\SFML\System\ThreadLocalPtr.inl,75,32,14,5,14,1,29,155,23,147
E:\GAM200.git\DCEngine\Dependencies\include\SFML\System\Utf.inl,753,482,240,87,142,11,129,696,33,155
E:\GAM200.git\DCEngine\Dependencies\include\SFML\System\Vector2.inl,162,87,35,12,37,0,38,162,24,148
E:\GAM200.git\DCEngine\Dependencies\include\SFML\System\Vector3.inl,169,94,39,12,37,0,38,162,24,148
E:\GAM200.git\DCEngine\Dependencies\include\SFML\Window\Context.hpp,152,27,12,0,18,3,107,500,23,147
E:\GAM200.git\DCEngine\Dependencies\include\SFML\Window\ContextSettings.hpp,146,30,12,0,11,11,105,745,23,147
E:\GAM200.git\DCEngine\Dependencies\include\SFML\Window\Event.hpp,285,127,77,0,26,72,132,1181,23,147
E:\GAM200.git\DCEngine\Dependencies\include\SFML\Window\Export.hpp,49,9,0,0,11,1,29,159,23,147
E:\GAM200.git\DCEngine\Dependencies\include\SFML\Window\GlResource.hpp,77,14,6,0,12,2,51,235,23,147
E:\GAM200.git\DCEngine\Dependencies\include\SFML\Window\Joystick.hpp,228,43,20,0,21,16,164,938,23,147
E:\GAM200.git\DCEngine\Dependencies\include\SFML\Window\Keyboard.hpp,225,119,7,0,14,105,92,913,23,147
E:\GAM200.git\DCEngine\Dependencies\include\SFML\Window\Mouse.hpp,178,32,13,0,19,10,127,684,23,147
E:\GAM200.git\DCEngine\Dependencies\include\SFML\Window\Sensor.hpp,151,26,8,0,15,9,110,669,23,147
E:\GAM200.git\DCEngine\Dependencies\include\SFML\Window\Touch.hpp,138,16,7,0,14,2,108,620,23,147
E:\GAM200.git\DCEngine\Dependencies\include\SFML\Window\VideoMode.hpp,229,26,17,0,22,5,181,946,23,147
E:\GAM200.git\DCEngine\Dependencies\include\SFML\Window\Window.hpp,586,65,44,0,47,7,474,2576,23,147
E:\GAM200.git\DCEngine\Dependencies\include\SFML\Window\WindowHandle.hpp,75,21,7,0,18,2,36,219,23,147
E:\GAM200.git\DCEngine\Dependencies\include\SFML\Window\WindowStyle.hpp,54,18,4,0,8,8,28,213,23,147
E:\GAM200.git\DCEngine\Dependencies\include\SOIL2\etc1_utils.h,106,30,13,0,27,0,49,405,13,82
E:\GAM200.git\DCEngine\Dependencies\include\SOIL2\image_DXT.h,124,80,31,0,14,1,30,157,8,12
E:\GAM200.git\DCEngine\Dependencies\include\SOIL2\image_helper.h,116,57,8,0,12,1,47,198,7,8
E:\GAM200.git\DCEngine\Dependencies\include\SOIL2\pkm_helper.h,20,16,12,0,4,0,0,0,0,0
E:\GAM200.git\DCEngine\Dependencies\include\SOIL2\pvr_helper.h,265,190,17,0,48,22,27,207,0,0
E:\GAM200.git\DCEngine\Dependencies\include\SOIL2\SOIL2.h,499,225,34,0,34,1,240,1876,43,173
E:\GAM200.git\DCEngine\Dependencies\include\SOIL2\stbi_DDS.h,35,19,12,0,9,1,7,21,3,7
E:\GAM200.git\DCEngine\Dependencies\include\SOIL2\stbi_DDS_c.h,590,492,349,86,35,1,63,359,2,15
E:\GAM200.git\DCEngine\Dependencies\include\SOIL2\stbi_ext.h,29,24,6,0,5,1,0,2,0,0
E:\GAM200.git\DCEngine\Dependencies\include\SOIL2\stbi_ext_c.h,75,69,33,18,6,1,0,1,0,0
E:\GAM200.git\DCEngine\Dependencies\include\SOIL2\stbi_pkm.h,35,19,12,0,9,1,7,21,3,7
E:\GAM200.git\DCEngine\Dependencies\include\SOIL2\stbi_pkm_c.h,228,184,135,38,42,0,2,10,0,0
E:\GAM200.git\DCEngine\Dependencies\include\SOIL2\stbi_pvr.h,35,19,12,0,9,1,7,21,3,7
E:\GAM200.git\DCEngine\Dependencies\include\SOIL2\stbi_pvr_c.h,1002,638,394,101,156,18,208,983,0,0
E:\GAM200.git\DCEngine\Dependencies\include\SOIL2\stb_image.h,6507,4734,3241,1032,700,201,1073,7726,211,1126
E:\GAM200.git\DCEngine\Dependencies\include\SOIL2\stb_image_write.h,731,535,371,105,69,24,127,791,78,460
E:\GAM200.git\DCEngine\Gamestates\GamestatesInclude.h,3,2,0,0,1,0,0,0,0,0
E:\GAM200.git\DCEngine\Gamestates\Sandbox\Sandbox.cpp,56,17,9,0,18,0,21,49,0,0
E:\GAM200.git\DCEngine\Gamestates\Sandbox\Sandbox.h,30,18,10,0,11,2,1,11,0,0
E:\GAM200.git\DCEngine\Libraries\Timer.h,76,24,19,0,15,1,37,132,15,29
E:\GAM200.git\DCEngine\Projects\Dollhouse\Dollhouse.h,23,14,8,0,6,0,3,7,0,0
E:\GAM200.git\DCEngine\Tutorials\OpenGL\GLCameraTutorial.cpp,402,208,122,8,71,10,123,1102,0,0
E:\GAM200.git\DCEngine\Tutorials\OpenGL\GLShaderTutorial.cpp,167,81,56,0,48,5,38,329,0,0
E:\GAM200.git\DCEngine\Tutorials\OpenGL\GLTextureTutorial.cpp,253,89,68,3,52,6,112,1096,0,0
E:\GAM200.git\DCEngine\Tutorials\OpenGL\GLTriangle.cpp,451,89,56,0,72,13,290,2637,0,0
E:\GAM200.git\DCEngine\Tutorials\OpenGL\GLCameraTutorial.h,74,40,30,0,16,3,18,84,16,51
E:\GAM200.git\DCEngine\Tutorials\OpenGL\GLShaderTutorial.h,41,18,13,0,12,1,11,25,11,22
E:\GAM200.git\DCEngine\Tutorials\OpenGL\GLTextureTutorial.h,57,29,21,0,11,2,17,76,16,51
E:\GAM200.git\DCEngine\Tutorials\OpenGL\GLTriangle.h,38,17,12,0,10,1,11,26,11,23
E:\GAM200.git\DCEngine\Tutorials\OpenGL\GLTutorial.h,143,71,44,5,26,6,46,203,12,50
